GROUP,PACKAGE,CLASS,INSTRUCTION_MISSED,INSTRUCTION_COVERED,BRANCH_MISSED,BRANCH_COVERED,LINE_MISSED,LINE_COVERED,COMPLEXITY_MISSED,COMPLEXITY_COVERED,METHOD_MISSED,METHOD_COVERED
project1-reimbursement,com.revature.dao,ReceiptMaker,166,0,0,0,28,0,2,0,2,0
project1-reimbursement,com.revature.dao,UsersDAO,689,0,16,0,145,0,20,0,12,0
project1-reimbursement,com.revature.models,Users,216,27,20,0,43,10,28,2,18,2
project1-reimbursement,com.revature.models,Reimbursement,277,0,24,0,54,0,35,0,23,0
project1-reimbursement,com.revature.app,MainDriver,48,0,2,0,10,0,4,0,3,0
project1-reimbursement,com.revature.services,PasswordHashing,110,0,2,0,20,0,6,0,5,0
project1-reimbursement,com.revature.services,AuthorizationService,0,47,0,14,0,10,0,11,0,4
project1-reimbursement,com.revature.services,UsersService,404,0,44,0,86,0,32,0,10,0
project1-reimbursement,com.revature.dto,ExceptionMessageDTO,62,0,6,0,18,0,10,0,7,0
project1-reimbursement,com.revature.dto,LoginCredentialsDTO,92,0,10,0,22,0,14,0,9,0
project1-reimbursement,com.revature.dto,UpdateReimbursementDTO,144,0,14,0,31,0,20,0,13,0
project1-reimbursement,com.revature.controller,ValidationController,132,0,2,0,34,0,7,0,6,0
project1-reimbursement,com.revature.controller,UsersController,317,0,6,0,76,0,11,0,8,0
project1-reimbursement,com.revature.controller,ExceptionMappingController,94,0,0,0,22,0,7,0,7,0
project1-reimbursement,com.revature.util,JDBCUtility,27,0,0,0,8,0,2,0,2,0
project1-reimbursement,com.revature.exceptions,ReimbursementNotFoundExcpetion,23,0,0,0,10,0,5,0,5,0
project1-reimbursement,com.revature.exceptions,UnauthorizedException,19,4,0,0,8,2,4,1,4,1
